Feature,Importance
avg_trade_size,0.3871035338402057
ls_ratio,0.3692374508016781
trade_count,0.24365901535811624
